Name,Mana Cost,Mana Value,Rarity,Set Code,Type,Image URL
Abundant Harvest,{G},1.0,rare,sta,Sorcery,https://c1.scryfall.com/file/scryfall-cards/normal/front/1/6/16782095-0b7f-4489-8a97-b74f8efef352.jpg?1619394362
Academic Dispute,{R},1.0,uncommon,stx,Instant,https://c1.scryfall.com/file/scryfall-cards/normal/front/4/6/4620cc3b-e401-4096-b310-fed080806344.jpg?1617551410
Academic Probation,{1}{W},2.0,rare,stx,Sorcery — Lesson,https://c1.scryfall.com/file/scryfall-cards/normal/front/0/5/05521edf-f47f-4e7a-aec5-cdc4ae7368c2.jpg?1617444412
Access Tunnel,,0.0,uncommon,stx,Land,https://c1.scryfall.com/file/scryfall-cards/normal/front/e/d/edf8eb51-9643-4c54-b38e-e7abea92bbe1.jpg?1617453624
Accomplished Alchemist,{3}{G},4.0,rare,stx,Creature — Elf Druid,https://c1.scryfall.com/file/scryfall-cards/normal/front/0/d/0d7b7830-b65e-4c53-98e8-152026764e4b.jpg?1617223718
Adventurous Impulse,{G},1.0,uncommon,sta,Sorcery,https://c1.scryfall.com/file/scryfall-cards/normal/front/1/9/197d7b7c-456f-478e-950e-38610e07435d.jpg?1620701257
Aether Helix,{3}{G}{U},5.0,uncommon,stx,Sorcery,https://c1.scryfall.com/file/scryfall-cards/normal/front/7/d/7d1c653e-f629-4105-a52c-379c5cd78208.jpg?1617222957
Ageless Guardian,{1}{W},2.0,common,stx,Creature — Spirit Soldier,https://c1.scryfall.com/file/scryfall-cards/normal/front/4/a/4a5ff6af-402f-4bf6-a75b-dc1e0e40aff6.jpg?1617070145
Agonizing Remorse,{1}{B},2.0,uncommon,sta,Sorcery,https://c1.scryfall.com/file/scryfall-cards/normal/front/5/7/57b7f7bd-6db3-4716-b1c3-015b0a6d37e3.jpg?1616838907
Approach of the Second Sun,{6}{W},7.0,mythic,sta,Sorcery,https://c1.scryfall.com/file/scryfall-cards/normal/front/0/b/0bd5c43a-d41a-4430-bf0d-67ded3680d38.jpg?1620700311
Arcane Subtraction,{1}{U},2.0,common,stx,Instant,https://c1.scryfall.com/file/scryfall-cards/normal/front/6/8/68cdb00c-ea86-4b72-8f62-570820edfa1b.jpg?1617445626
Archmage Emeritus,{2}{U}{U},4.0,rare,stx,Creature — Human Wizard,https://c1.scryfall.com/file/scryfall-cards/normal/front/7/6/761df6cd-0928-4167-8902-58fdb50181a0.jpg?1616693970
Archway Commons,,0.0,common,stx,Land,https://c1.scryfall.com/file/scryfall-cards/normal/front/f/6/f6f6a2ff-7eb7-4680-af2b-e69ac88a65c9.jpg?1617219730
Ardent Dustspeaker,{4}{R},5.0,uncommon,stx,Creature — Minotaur Shaman,https://c1.scryfall.com/file/scryfall-cards/normal/front/7/f/7ff4832a-26c0-4da5-abbb-1941e7084e72.jpg?1617447769
Arrogant Poet,{1}{B},2.0,common,stx,Creature — Human Warlock,https://c1.scryfall.com/file/scryfall-cards/normal/front/5/5/556a0816-83c5-41dc-8546-213b21e2cceb.jpg?1617551429
Augmenter Pugilist,{1}{G}{G},3.0,rare,stx,Creature — Troll Druid // Sorcery,https://c1.scryfall.com/file/scryfall-cards/normal/front/b/1/b120e3c2-21b1-43e3-b685-9cf62bd7aa07.jpg?1617474337
Baleful Mastery,{3}{B},4.0,rare,stx,Instant,https://c1.scryfall.com/file/scryfall-cards/normal/front/3/5/35f1a6ba-e46f-44fb-93f4-fb883d677b36.jpg?1617446754
Basic Conjuration,{1}{G}{G},3.0,rare,stx,Sorcery — Lesson,https://c1.scryfall.com/file/scryfall-cards/normal/front/4/f/4f222fdb-eddd-4179-b779-a45171bfb010.jpg?1617583387
Bayou Groff,{1}{G},2.0,common,stx,Creature — Plant Dog,https://c1.scryfall.com/file/scryfall-cards/normal/front/4/a/4a82b032-b1ba-456c-abab-c0f7430b0587.jpg?1617449039
Beaming Defiance,{1}{W},2.0,common,stx,Instant,https://c1.scryfall.com/file/scryfall-cards/normal/front/7/e/7e22411c-11c1-4770-8491-7952dd406e01.jpg?1617148555
Beledros Witherbloom,{5}{B}{G},7.0,mythic,stx,Legendary Creature — Elder Dragon,https://c1.scryfall.com/file/scryfall-cards/normal/front/9/3/93f786a2-a7b7-4f9e-92e8-9a6a11efe290.jpg?1617407612
Biblioplex Assistant,{4},4.0,common,stx,Artifact Creature — Gargoyle,https://c1.scryfall.com/file/scryfall-cards/normal/front/d/7/d74e1117-0196-4268-be97-a1e81b5dc90e.jpg?1617570409
Big Play,{1}{G},2.0,common,stx,Instant,https://c1.scryfall.com/file/scryfall-cards/normal/front/9/0/9016d667-50a9-4093-9a99-b34dcdafe60b.jpg?1617449100
Biomathematician,{1}{G}{U},3.0,common,stx,Creature — Human Wizard,https://c1.scryfall.com/file/scryfall-cards/normal/front/b/4/b41a35ef-dae1-4534-a12a-d3951b285273.jpg?1617225835
Blade Historian,{R/W}{R/W}{R/W}{R/W},4.0,rare,stx,Creature — Human Cleric,https://c1.scryfall.com/file/scryfall-cards/normal/front/a/4/a46d64ec-aca4-428e-bce6-66cd755c8cc3.jpg?1619800497
"Blex, Vexing Pest",{2}{G},3.0,mythic,stx,Legendary Creature — Pest // Sorcery,https://c1.scryfall.com/file/scryfall-cards/normal/front/9/3/930d3b70-7e8e-4a39-b60d-7d14196912e0.jpg?1617650998
Blood Age General,{1}{R},2.0,common,stx,Creature — Spirit Warrior,https://c1.scryfall.com/file/scryfall-cards/normal/front/f/3/f30237cc-27c8-4075-acbd-d75a16588a68.jpg?1617610502
Blood Researcher,{1}{B}{G},3.0,common,stx,Creature — Vampire Druid,https://c1.scryfall.com/file/scryfall-cards/normal/front/3/e/3e35e9ba-a10e-4926-a7a6-3a65efc2a730.jpg?1617473910
Blot Out the Sky,{X}{W}{B},2.0,mythic,stx,Sorcery,https://c1.scryfall.com/file/scryfall-cards/normal/front/0/1/0141312f-4b68-4c56-b1dc-5b7e6afbb96c.jpg?1618273045
Blue Sun's Zenith,{X}{U}{U}{U},3.0,mythic,sta,Instant,https://c1.scryfall.com/file/scryfall-cards/normal/front/3/c/3cad77b5-94eb-4715-9fc1-75c45c28e83a.jpg?1618845147
Body of Research,{G}{G}{G}{U}{U}{U},6.0,mythic,stx,Sorcery,https://c1.scryfall.com/file/scryfall-cards/normal/front/6/e/6ecda818-2729-436c-bde0-c893ca8be7a8.jpg?1617312574
Bookwurm,{7}{G},8.0,uncommon,stx,Creature — Wurm,https://c1.scryfall.com/file/scryfall-cards/normal/front/5/7/57d230fc-d382-40b4-bdbd-5fe880fa16bf.jpg?1617474091
Brackish Trudge,{2}{B},3.0,uncommon,stx,Creature — Fungus Beast,https://c1.scryfall.com/file/scryfall-cards/normal/front/9/0/90ba37ee-159f-421f-8d37-a7b5f1b562f0.jpg?1617584899
Brainstorm,{U},1.0,rare,sta,Instant,https://c1.scryfall.com/file/scryfall-cards/normal/front/1/1/11d27509-07c2-4445-a1d5-e56523fb8566.jpg?1619488802
Burrog Befuddler,{1}{U},2.0,common,stx,Creature — Frog Wizard,https://c1.scryfall.com/file/scryfall-cards/normal/front/6/0/6040c573-cd8c-4593-8ade-d9922482035c.jpg?1617451444
Bury in Books,{4}{U},5.0,common,stx,Instant,https://c1.scryfall.com/file/scryfall-cards/normal/front/a/c/ac2a2cf5-80cf-4c06-8b04-bc04a5460de5.jpg?1617072086
Callous Bloodmage,{2}{B},3.0,rare,stx,Creature — Vampire Warlock,https://c1.scryfall.com/file/scryfall-cards/normal/front/8/1/81358736-65cf-44d8-819e-d0268d14cc76.jpg?1617446831
Campus Guide,{2},2.0,common,stx,Artifact Creature — Golem,https://c1.scryfall.com/file/scryfall-cards/normal/front/8/7/87a9a8a2-de81-441b-b501-418311b677f7.jpg?1617583436
Channel,{G}{G},2.0,mythic,sta,Sorcery,https://c1.scryfall.com/file/scryfall-cards/normal/front/0/e/0e07a16f-d836-40f9-85e3-a78582a97109.jpg?1619158014
Chaos Warp,{2}{R},3.0,mythic,sta,Instant,https://c1.scryfall.com/file/scryfall-cards/normal/front/6/d/6d0a3996-5a03-481b-9bda-15c6f6e5f9c4.jpg?1618845217
Charge Through,{G},1.0,common,stx,Instant,https://c1.scryfall.com/file/scryfall-cards/normal/front/e/d/ed16926f-feb0-481a-8c5e-88ea119752cd.jpg?1617312303
Claim the Firstborn,{R},1.0,uncommon,sta,Sorcery,https://c1.scryfall.com/file/scryfall-cards/normal/front/b/b/bb2a6dd3-0a40-4c51-90ab-abe920524af7.jpg?1620701025
Clever Lumimancer,{W},1.0,uncommon,stx,Creature — Human Wizard,https://c1.scryfall.com/file/scryfall-cards/normal/front/6/9/69957656-cfdf-4001-8e84-0ef29e4a468d.jpg?1617148938
Closing Statement,{3}{W}{B},5.0,uncommon,stx,Instant,https://c1.scryfall.com/file/scryfall-cards/normal/front/7/8/785e6d07-fe40-4723-b963-02da0a0987c7.jpg?1617466098
"Codie, Vociferous Codex",{3},3.0,rare,stx,Legendary Artifact Creature — Construct,https://c1.scryfall.com/file/scryfall-cards/normal/front/e/7/e7d7e96e-5d35-41dc-9a8a-2049e2e56350.jpg?1617222770
Cogwork Archivist,{6},6.0,common,stx,Artifact Creature — Construct,https://c1.scryfall.com/file/scryfall-cards/normal/front/8/c/8c024a2d-20fb-478b-a62e-e3590a1e3ac1.jpg?1617222412
Combat Professor,{3}{W},4.0,common,stx,Creature — Bird Cleric,https://c1.scryfall.com/file/scryfall-cards/normal/front/3/f/3f669ac4-98ed-4e23-91a9-281f8277ab04.jpg?1617444592
Compulsive Research,{2}{U},3.0,rare,sta,Sorcery,https://c1.scryfall.com/file/scryfall-cards/normal/front/0/f/0f578fbf-c3c7-4407-9fda-3c13b165798c.jpg?1618845151
Confront the Past,{X}{B},1.0,rare,stx,Sorcery — Lesson,https://c1.scryfall.com/file/scryfall-cards/normal/front/9/9/9975e3c0-cd32-4658-9802-3749a1a475aa.jpg?1616785853
Conspiracy Theorist,{1}{R},2.0,rare,stx,Creature — Human Shaman,https://c1.scryfall.com/file/scryfall-cards/normal/front/5/2/52d3509c-8d67-4c5e-83bf-1a67f87589b9.jpg?1617312617
Containment Breach,{2}{G},3.0,uncommon,stx,Sorcery — Lesson,https://c1.scryfall.com/file/scryfall-cards/normal/front/0/d/0dcca120-b72e-4007-98e1-cb22e7b9a705.jpg?1617583651
Counterspell,{U}{U},2.0,rare,sta,Instant,https://c1.scryfall.com/file/scryfall-cards/normal/front/5/2/5280c035-0bab-46dc-927d-a11d769c5675.jpg?1620700589
Crackle with Power,{X}{X}{X}{R}{R},2.0,mythic,stx,Sorcery,https://c1.scryfall.com/file/scryfall-cards/normal/front/d/1/d1c038e6-2346-4544-bea1-b64098f63f23.jpg?1617312692
Cram Session,{1}{B/G},2.0,common,stx,Sorcery,https://c1.scryfall.com/file/scryfall-cards/normal/front/c/5/c59a249f-35ed-447a-845b-32ba5a53124e.jpg?1617450486
Creative Outburst,{3}{U}{U}{R}{R},7.0,uncommon,stx,Instant,https://c1.scryfall.com/file/scryfall-cards/normal/front/e/a/eab58d87-bf01-45dc-8958-e2b3375f914b.jpg?1617450516
Crushing Disappointment,{3}{B},4.0,common,stx,Instant,https://c1.scryfall.com/file/scryfall-cards/normal/front/7/f/7fbe8cf1-11df-4ca4-9a6b-265193c49250.jpg?1617446977
Crux of Fate,{3}{B}{B},5.0,mythic,sta,Sorcery,https://c1.scryfall.com/file/scryfall-cards/normal/front/0/d/0d0fb1aa-604b-4eee-8243-56c9dd2cfe30.jpg?1620700784
Culling Ritual,{2}{B}{G},4.0,rare,stx,Sorcery,https://c1.scryfall.com/file/scryfall-cards/normal/front/1/b/1ba72e51-ca69-48d4-96dc-df9519468c01.jpg?1617650970
Culmination of Studies,{X}{U}{R},2.0,rare,stx,Sorcery,https://c1.scryfall.com/file/scryfall-cards/normal/front/1/f/1f198c49-9192-4b7f-bbc6-9f01395836f2.jpg?1617225892
Cultivate,{2}{G},3.0,uncommon,sta,Sorcery,https://c1.scryfall.com/file/scryfall-cards/normal/front/4/d/4d3facc8-3d15-484a-8f95-e48db69d7029.jpg?1620701294
Curate,{1}{U},2.0,common,stx,Instant,https://c1.scryfall.com/file/scryfall-cards/normal/front/f/2/f2a0e716-22b7-4a5e-9b7a-d4a806ee7427.jpg?1617072183
Daemogoth Titan,{B/G}{B/G}{B/G}{B/G},4.0,rare,stx,Creature — Demon,https://c1.scryfall.com/file/scryfall-cards/normal/front/b/6/b6a595a8-20f3-49e9-82ca-18923958f21b.jpg?1617651204
Daemogoth Woe-Eater,{1}{B}{B/G}{G},4.0,uncommon,stx,Creature — Demon,https://c1.scryfall.com/file/scryfall-cards/normal/front/c/9/c965cbe3-50e5-41bb-bdb9-e65d97aab716.jpg?1617450670
Dark Ritual,{B},1.0,rare,sta,Instant,https://c1.scryfall.com/file/scryfall-cards/normal/front/6/f/6fc57076-cac4-4f5e-956b-e3d77bd258b2.jpg?1618845187
Day of Judgment,{2}{W}{W},4.0,mythic,sta,Sorcery,https://c1.scryfall.com/file/scryfall-cards/normal/front/5/b/5bf85d00-52cc-4594-b4fd-5ec424210524.jpg?1618845113
Deadly Brew,{B}{G},2.0,uncommon,stx,Sorcery,https://c1.scryfall.com/file/scryfall-cards/normal/front/8/7/87d33e48-90fc-4aac-b09a-68050bc053b5.jpg?1617474223
Decisive Denial,{G}{U},2.0,uncommon,stx,Instant,https://c1.scryfall.com/file/scryfall-cards/normal/front/3/6/36b05c98-7799-4104-a0d0-3632bd5b8846.jpg?1617522545
Defend the Campus,{3}{W},4.0,common,stx,Instant,https://c1.scryfall.com/file/scryfall-cards/normal/front/8/5/85e4e1b5-77d6-4af4-b22e-6f6b4d129f5d.jpg?1617444619
Defiant Strike,{W},1.0,uncommon,sta,Instant,https://c1.scryfall.com/file/scryfall-cards/normal/front/a/d/ade8f339-4afb-477a-9434-e6cd9126cd10.jpg?1616893700
Demonic Tutor,{1}{B},2.0,mythic,sta,Sorcery,https://c1.scryfall.com/file/scryfall-cards/normal/front/3/0/3009ba46-c9f8-46dc-8ffc-2aa4cef7b17c.jpg?1619158025
Despark,{W}{B},2.0,rare,sta,Instant,https://c1.scryfall.com/file/scryfall-cards/normal/front/9/1/91ea24a2-2276-4534-aba6-6c98451b54f6.jpg?1620701439
Detention Vortex,{W},1.0,uncommon,stx,Enchantment — Aura,https://c1.scryfall.com/file/scryfall-cards/normal/front/5/4/54ebe581-be17-415a-a160-28d8f4e95636.jpg?1617315428
Devastating Mastery,{2}{W}{W}{W}{W},6.0,rare,stx,Sorcery,https://c1.scryfall.com/file/scryfall-cards/normal/front/3/5/354a4740-7a11-4157-bfd7-1249980aa323.jpg?1617454084
Devouring Tendrils,{1}{G},2.0,uncommon,stx,Sorcery,https://c1.scryfall.com/file/scryfall-cards/normal/front/f/7/f7444555-da19-4d2d-ad81-233c54fbb78e.jpg?1617449273
"Dina, Soul Steeper",{B}{G},2.0,uncommon,stx,Legendary Creature — Dryad Druid,https://c1.scryfall.com/file/scryfall-cards/normal/front/9/c/9cd2b567-0cf7-4441-b3ce-e31141dd91c8.jpg?1617406249
Divide by Zero,{2}{U},3.0,uncommon,stx,Instant,https://c1.scryfall.com/file/scryfall-cards/normal/front/1/9/1958d96e-ec44-48ab-80b1-5b01a24ac7b8.jpg?1617445868
Divine Gambit,{W}{W},2.0,uncommon,sta,Sorcery,https://c1.scryfall.com/file/scryfall-cards/normal/front/5/a/5ae3b199-92a0-4d94-819c-fbf24a87d353.jpg?1616893709
Doom Blade,{1}{B},2.0,rare,sta,Instant,https://c1.scryfall.com/file/scryfall-cards/normal/front/6/7/67b9ca16-4337-4157-9873-1c5111d624fc.jpg?1620700846
Double Major,{G}{U},2.0,rare,stx,Instant,https://c1.scryfall.com/file/scryfall-cards/normal/front/2/3/235079f1-2226-4a6d-9682-ae932e67d660.jpg?1617583291
Draconic Intervention,{2}{R}{R},4.0,rare,stx,Sorcery,https://c1.scryfall.com/file/scryfall-cards/normal/front/6/5/657de246-b9fc-47b1-b932-091e9500bb82.jpg?1617447932
Dragon's Approach,{2}{R},3.0,common,stx,Sorcery,https://c1.scryfall.com/file/scryfall-cards/normal/front/0/c/0cb504a0-1dfb-49d0-84c3-7bd318d55481.jpg?1617448008
Dragonsguard Elite,{1}{G},2.0,rare,stx,Creature — Human Druid,https://c1.scryfall.com/file/scryfall-cards/normal/front/6/5/658ec634-3eb2-4967-b938-d20d31ab77e3.jpg?1616692835
Dramatic Finale,{W/B}{W/B}{W/B}{W/B},4.0,rare,stx,Enchantment,https://c1.scryfall.com/file/scryfall-cards/normal/front/2/b/2bb164ab-ee63-4025-9d72-6db71b99bdd7.jpg?1617583312
Dream Strix,{2}{U},3.0,rare,stx,Creature — Bird Illusion,https://c1.scryfall.com/file/scryfall-cards/normal/front/2/d/2d9f0734-7bdf-4d06-b1ac-15919fb7bce3.jpg?1617445974
Dueling Coach,{3}{W},4.0,uncommon,stx,Creature — Human Monk,https://c1.scryfall.com/file/scryfall-cards/normal/front/4/5/45b3dbb0-0d68-4351-bfc9-a09c50454bf7.jpg?1617444726
Duress,{B},1.0,uncommon,sta,Sorcery,https://c1.scryfall.com/file/scryfall-cards/normal/front/3/8/388d23a9-46df-4191-91c5-722605e07e4d.jpg?1620700865
Eager First-Year,{1}{W},2.0,common,stx,Creature — Human Wizard,https://c1.scryfall.com/file/scryfall-cards/normal/front/7/a/7a83543b-3b6f-4e28-96f9-007b814bcfd6.jpg?1616839191
Ecological Appreciation,{X}{2}{G},3.0,mythic,stx,Sorcery,https://c1.scryfall.com/file/scryfall-cards/normal/front/1/1/115f3d72-1aaf-4237-91b9-389256e5e5c8.jpg?1617219410
Efreet Flamepainter,{3}{R},4.0,rare,stx,Creature — Efreet Shaman,https://c1.scryfall.com/file/scryfall-cards/normal/front/5/b/5bdcfde9-1c0a-49fc-8996-37a24a2379e3.jpg?1617071476
Electrolyze,{1}{U}{R},3.0,rare,sta,Instant,https://c1.scryfall.com/file/scryfall-cards/normal/front/0/8/08a4d142-b98b-4027-94cb-314f67fb1d4a.jpg?1618845336
Elemental Expressionist,{U/R}{U/R}{U/R}{U/R},4.0,rare,stx,Creature — Orc Wizard,https://c1.scryfall.com/file/scryfall-cards/normal/front/3/4/34b6e53f-f605-430e-9455-b3653cbd8e1d.jpg?1617468942
Elemental Masterpiece,{5}{U}{R},7.0,common,stx,Sorcery,https://c1.scryfall.com/file/scryfall-cards/normal/front/4/3/4331a7a6-e98e-4517-b0f9-ace379426a94.jpg?1617225898
Elemental Summoning,{3}{U/R}{U/R},5.0,common,stx,Sorcery — Lesson,https://c1.scryfall.com/file/scryfall-cards/normal/front/e/a/ea51991c-1589-4c62-965b-5ae8d233520b.jpg?1617451492
Eliminate,{1}{B},2.0,uncommon,sta,Instant,https://c1.scryfall.com/file/scryfall-cards/normal/front/c/5/c55b2b50-ac83-4a78-8f84-580193d1ca0f.jpg?1617075748
Elite Spellbinder,{2}{W},3.0,rare,stx,Creature — Human Cleric,https://c1.scryfall.com/file/scryfall-cards/normal/front/2/5/25608957-fe71-4ed7-9c55-fb7f2fcf103e.jpg?1617454149
Emergent Sequence,{1}{G},2.0,uncommon,stx,Sorcery,https://c1.scryfall.com/file/scryfall-cards/normal/front/0/4/04a81975-5f0e-4593-a2da-b9689f9a985f.jpg?1617449481
Enthusiastic Study,{2}{R},3.0,common,stx,Instant,https://c1.scryfall.com/file/scryfall-cards/normal/front/5/4/543c64ff-2c51-4a63-a940-dc8645717c85.jpg?1616785356
Environmental Sciences,{2},2.0,common,stx,Sorcery — Lesson,https://c1.scryfall.com/file/scryfall-cards/normal/front/4/6/46b394fc-a99c-44e7-9226-da0699167541.jpg?1616785604
Ephemerate,{W},1.0,rare,sta,Instant,https://c1.scryfall.com/file/scryfall-cards/normal/front/7/b/7be5092f-cd24-4aea-824e-67b9767019b2.jpg?1618845116
Essence Infusion,{1}{B},2.0,common,stx,Sorcery,https://c1.scryfall.com/file/scryfall-cards/normal/front/7/1/71a48d0c-1e5b-43f2-8974-e2e5bb06310d.jpg?1617447003
Eureka Moment,{2}{G}{U},4.0,common,stx,Instant,https://c1.scryfall.com/file/scryfall-cards/normal/front/e/4/e400c9b7-c789-49dd-9f72-b9d1df03fcca.jpg?1617223630
Excavated Wall,{1},1.0,common,stx,Artifact Creature — Wall,https://c1.scryfall.com/file/scryfall-cards/normal/front/f/e/fed54d00-b11f-4529-864c-63a114617b36.jpg?1617407124
Exhilarating Elocution,{2}{W}{B},4.0,common,stx,Sorcery,https://c1.scryfall.com/file/scryfall-cards/normal/front/8/4/8468417d-7ef5-43e0-9190-e88f3eed9e82.jpg?1617317681
Expanded Anatomy,{3},3.0,common,stx,Sorcery — Lesson,https://c1.scryfall.com/file/scryfall-cards/normal/front/c/5/c5642b9d-0daa-4e6b-ad48-f88dd37d6574.jpg?1617449955
Expel,{2}{W},3.0,common,stx,Instant,https://c1.scryfall.com/file/scryfall-cards/normal/front/b/e/be517a58-b7ee-4213-98a5-8c19e1b2def6.jpg?1617444818
Explosive Welcome,{7}{R},8.0,uncommon,stx,Instant,https://c1.scryfall.com/file/scryfall-cards/normal/front/1/2/122c01e6-38a6-456e-971e-9004df85ac1c.jpg?1617133828
Exponential Growth,{X}{X}{G}{G},2.0,rare,stx,Sorcery,https://c1.scryfall.com/file/scryfall-cards/normal/front/7/7/7771e5a4-cc4b-43fb-8a44-9382de73fa0f.jpg?1617316126
Expressive Iteration,{U}{R},2.0,uncommon,stx,Sorcery,https://c1.scryfall.com/file/scryfall-cards/normal/front/3/1/31b770cc-09e7-4c0b-b2a4-462ab4f7200d.jpg?1617451529
"Extus, Oriq Overlord",{1}{W}{B}{B},4.0,mythic,stx,Legendary Creature — Human Warlock // Sorcery,https://c1.scryfall.com/file/scryfall-cards/normal/front/7/8/786156ce-544c-4aa4-8381-756042d0bcda.jpg?1617222831
Eyetwitch,{B},1.0,uncommon,stx,Creature — Eye Bat,https://c1.scryfall.com/file/scryfall-cards/normal/front/1/f/1f4d1bb6-cb8f-4d01-9879-0b3a0585cbf4.jpg?1617447060
Faithless Looting,{R},1.0,rare,sta,Sorcery,https://c1.scryfall.com/file/scryfall-cards/normal/front/b/4/b429172f-2182-49dd-b6f6-e5e09493628d.jpg?1618845218
Fervent Mastery,{3}{R}{R},5.0,rare,stx,Sorcery,https://c1.scryfall.com/file/scryfall-cards/normal/front/1/f/1f824caf-b32c-442a-8631-887831a57360.jpg?1617223459
Field Trip,{2}{G},3.0,common,stx,Sorcery,https://c1.scryfall.com/file/scryfall-cards/normal/front/f/2/f235060a-eb49-4a73-bb5f-01228c3c4070.jpg?1616838784
First Day of Class,{1}{R},2.0,common,stx,Instant,https://c1.scryfall.com/file/scryfall-cards/normal/front/0/9/091eb13d-9318-4b12-9f94-6276b11981d1.jpg?1616723400
Flamescroll Celebrant,{1}{R},2.0,rare,stx,Creature — Human Shaman // Instant,https://c1.scryfall.com/file/scryfall-cards/normal/front/0/d/0dba25e3-2b4f-45d4-965f-3834bcb359ee.jpg?1617453074
Flunk,{1}{B},2.0,uncommon,stx,Instant,https://c1.scryfall.com/file/scryfall-cards/normal/front/f/8/f8487884-e991-4feb-823b-90d9125edf19.jpg?1617473769
Forest,,0.0,common,stx,Basic Land — Forest,https://c1.scryfall.com/file/scryfall-cards/normal/front/6/5/659a7d45-af0d-4a4a-a878-e8e40b732bfa.jpg?1616785810
Fortifying Draught,{G},1.0,uncommon,stx,Instant,https://c1.scryfall.com/file/scryfall-cards/normal/front/6/7/6789b717-a000-464a-a39b-32c1aeefe560.jpg?1617232680
Fractal Summoning,{X}{G/U}{G/U},2.0,common,stx,Sorcery — Lesson,https://c1.scryfall.com/file/scryfall-cards/normal/front/c/c/cc3f1f7e-eb19-49c1-a1ee-93b85ac8815c.jpg?1617451745
Fracture,{W}{B},2.0,uncommon,stx,Instant,https://c1.scryfall.com/file/scryfall-cards/normal/front/4/0/4033ffe6-3e81-440f-bde7-0cf267a54b36.jpg?1617544611
Frost Trickster,{2}{U},3.0,common,stx,Creature — Bird Wizard,https://c1.scryfall.com/file/scryfall-cards/normal/front/f/d/fd79c9cc-0a8c-4d88-96e2-cb177134a18d.jpg?1617143952
Frostboil Snarl,,0.0,rare,stx,Land,https://c1.scryfall.com/file/scryfall-cards/normal/front/a/e/ae79f483-88c5-461c-a7c5-6b898317b1e3.jpg?1617148738
Fuming Effigy,{3}{R},4.0,common,stx,Creature — Spirit,https://c1.scryfall.com/file/scryfall-cards/normal/front/7/c/7ce76a38-fc5f-4e29-ba24-4a877179a62c.jpg?1617312134
Furycalm Snarl,,0.0,rare,stx,Land,https://c1.scryfall.com/file/scryfall-cards/normal/front/5/3/53e33f37-7fd1-4431-a032-cd61b644401c.jpg?1617453680
Galazeth Prismari,{2}{U}{R},4.0,mythic,stx,Legendary Creature — Elder Dragon,https://c1.scryfall.com/file/scryfall-cards/normal/front/0/6/06c9158c-064b-4d12-b860-d2c1450d1897.jpg?1617232208
Gift of Estates,{1}{W},2.0,rare,sta,Sorcery,https://c1.scryfall.com/file/scryfall-cards/normal/front/0/7/07bc15bf-1923-45d7-988f-9a4adf3982ee.jpg?1619488713
Gnarled Professor,{2}{G}{G},4.0,rare,stx,Creature — Treefolk Druid,https://c1.scryfall.com/file/scryfall-cards/normal/front/8/3/831607fb-92ba-46d2-85a8-0aa7023e3e30.jpg?1617583318
Go Blank,{2}{B},3.0,uncommon,stx,Sorcery,https://c1.scryfall.com/file/scryfall-cards/normal/front/8/4/846e8657-7435-44c6-a997-b8b156d0cd2c.jpg?1617071118
Gods Willing,{W},1.0,rare,sta,Instant,https://c1.scryfall.com/file/scryfall-cards/normal/front/5/7/57e547cd-eba4-4a75-9c4e-8eeb6e00ddc4.jpg?1618794525
Golden Ratio,{1}{G}{U},3.0,uncommon,stx,Sorcery,https://c1.scryfall.com/file/scryfall-cards/normal/front/6/2/626fbddb-3963-4dd2-8507-9777ed66bbbc.jpg?1617144288
Grapeshot,{1}{R},2.0,rare,sta,Sorcery,https://c1.scryfall.com/file/scryfall-cards/normal/front/7/d/7d3a8f59-79b1-4d38-9742-b96a491e8071.jpg?1620701066
Grinning Ignus,{2}{R},3.0,uncommon,stx,Creature — Elemental,https://c1.scryfall.com/file/scryfall-cards/normal/front/c/f/cfa04897-6438-45e5-a10b-2e8afaf2b9eb.jpg?1617448083
Growth Spiral,{G}{U},2.0,rare,sta,Instant,https://c1.scryfall.com/file/scryfall-cards/normal/front/3/b/3b71eff3-7571-4dc1-b8c7-b8b6fc8a3565.jpg?1620701477
Guiding Voice,{W},1.0,common,stx,Sorcery,https://c1.scryfall.com/file/scryfall-cards/normal/front/d/6/d6fb3163-12ca-4a7f-a0c7-b8ddfc9408a0.jpg?1617613003
Hall Monitor,{R},1.0,uncommon,stx,Creature — Lizard Shaman,https://c1.scryfall.com/file/scryfall-cards/normal/front/0/2/02fdc551-0b22-49f4-8765-143ad82f16a3.jpg?1617221503
Hall of Oracles,,0.0,rare,stx,Land,https://c1.scryfall.com/file/scryfall-cards/normal/front/7/6/7642dddd-4461-46dd-b396-9e0a89f7232e.jpg?1617736051
Harmonize,{2}{G}{G},4.0,rare,sta,Sorcery,https://c1.scryfall.com/file/scryfall-cards/normal/front/5/f/5f2a967c-9606-4f9f-ab60-5068afb81af5.jpg?1620701314
Harness Infinity,{1}{B}{B}{B}{G}{G}{G},7.0,mythic,stx,Instant,https://c1.scryfall.com/file/scryfall-cards/normal/front/c/e/ce7b626d-8536-4c57-b075-8320fcf1cdec.jpg?1617583265
Heated Debate,{2}{R},3.0,common,stx,Instant,https://c1.scryfall.com/file/scryfall-cards/normal/front/f/4/f40c88e2-28ed-4e5b-bcb3-4397d6a15a6f.jpg?1617448114
Hofri Ghostforge,{3}{R}{W},5.0,mythic,stx,Legendary Creature — Dwarf Cleric,https://c1.scryfall.com/file/scryfall-cards/normal/front/7/6/76b530c0-86ac-4054-8067-e08764438aaa.jpg?1617474292
Honor Troll,{2}{G},3.0,uncommon,stx,Creature — Troll Druid,https://c1.scryfall.com/file/scryfall-cards/normal/front/a/9/a9c6a6b9-f00c-46a5-8dab-796483e3a262.jpg?1617449561
Humiliate,{W}{B},2.0,uncommon,stx,Sorcery,https://c1.scryfall.com/file/scryfall-cards/normal/front/d/c/dc3ae8cb-fbdb-45a8-83c2-cbf4aff01f90.jpg?1617317580
Hunt for Specimens,{1}{B},2.0,common,stx,Sorcery,https://c1.scryfall.com/file/scryfall-cards/normal/front/8/f/8ff0f47f-75cb-42b0-ba4d-78522cad9861.jpg?1617406063
Igneous Inspiration,{2}{R},3.0,uncommon,stx,Sorcery,https://c1.scryfall.com/file/scryfall-cards/normal/front/5/7/5781ad7b-dc1b-4cc1-9e72-6e714b9ba1de.jpg?1617448139
Illuminate History,{2}{R}{R},4.0,rare,stx,Sorcery — Lesson,https://c1.scryfall.com/file/scryfall-cards/normal/front/1/c/1caa9c12-ac06-458e-bf03-21dd1b3ed986.jpg?1617583368
Illustrious Historian,{1}{R},2.0,common,stx,Creature — Human Shaman,https://c1.scryfall.com/file/scryfall-cards/normal/front/5/6/56cc4e7d-3b06-4938-9023-d903912350c0.jpg?1617072918
Increasing Vengeance,{R}{R},2.0,mythic,sta,Instant,https://c1.scryfall.com/file/scryfall-cards/normal/front/6/e/6ef32c03-14f5-4ee2-af3a-4cbee45cd152.jpg?1618845224
Infuriate,{R},1.0,uncommon,sta,Instant,https://c1.scryfall.com/file/scryfall-cards/normal/front/5/b/5b8d403a-d595-45e9-9f07-5824e1b8956b.jpg?1620701103
Infuse with Vitality,{B}{G},2.0,common,stx,Instant,https://c1.scryfall.com/file/scryfall-cards/normal/front/8/4/840600a9-3e78-48a6-b75b-860446b82c1b.jpg?1617407528
Ingenious Mastery,{X}{2}{U},3.0,rare,stx,Sorcery,https://c1.scryfall.com/file/scryfall-cards/normal/front/1/8/18b4f3c5-4129-4e4b-98b9-91d2ca33ab7c.jpg?1617651156
Inkling Summoning,{1}{W/B}{W/B},3.0,common,stx,Sorcery — Lesson,https://c1.scryfall.com/file/scryfall-cards/normal/front/0/4/04a8a5b8-9743-4d1a-89e9-61bdf180b2e0.jpg?1617463986
Inquisition of Kozilek,{B},1.0,rare,sta,Sorcery,https://c1.scryfall.com/file/scryfall-cards/normal/front/d/4/d47df2c2-437d-4b8e-82cc-1707e3efd5b5.jpg?1618845191
Introduction to Annihilation,{5},5.0,common,stx,Sorcery — Lesson,https://c1.scryfall.com/file/scryfall-cards/normal/front/b/0/b0bc4682-bcaf-4f51-be0b-9f2851a16e3b.jpg?1616723512
Introduction to Prophecy,{3},3.0,common,stx,Sorcery — Lesson,https://c1.scryfall.com/file/scryfall-cards/normal/front/7/8/7820923e-bad2-4d6a-92b3-97b9737d2ca9.jpg?1616723571
Island,,0.0,common,stx,Basic Land — Island,https://c1.scryfall.com/file/scryfall-cards/normal/front/8/4/849a217f-d532-4a7c-bcbf-d127641f6edf.jpg?1616785706
"Jadzi, Oracle of Arcavios",{6}{U}{U},8.0,mythic,stx,Legendary Creature — Human Wizard // Sorcery,https://c1.scryfall.com/file/scryfall-cards/normal/front/b/0/b0a96416-9ee5-4202-a99f-e09db8794567.jpg?1618081729
Karok Wrangler,{4}{G},5.0,uncommon,stx,Creature — Elf Druid,https://c1.scryfall.com/file/scryfall-cards/normal/front/7/4/74729320-f6ee-4176-9463-397d6e477d7a.jpg?1617451083
"Kasmina, Enigma Sage",{1}{G}{U},3.0,mythic,stx,Legendary Planeswalker — Kasmina,https://c1.scryfall.com/file/scryfall-cards/normal/front/1/7/178bf300-38cf-4ab2-9e66-6fcaa112b649.jpg?1617452081
Kelpie Guide,{2}{U},3.0,uncommon,stx,Creature — Beast,https://c1.scryfall.com/file/scryfall-cards/normal/front/0/1/0112ebfb-55ad-401c-9dc5-ffd829f5b5bf.jpg?1617446089
"Kianne, Dean of Substance",{2}{G},3.0,rare,stx,Legendary Creature — Elf Druid // Legendary Creature — Bird Wizard,https://c1.scryfall.com/file/scryfall-cards/normal/front/1/d/1d96ade2-fb2a-420e-a14f-e96c47f903ce.jpg?1617148766
"Killian, Ink Duelist",{W}{B},2.0,uncommon,stx,Legendary Creature — Human Warlock,https://c1.scryfall.com/file/scryfall-cards/normal/front/2/3/23ef4f09-2aa1-4a03-b2e2-66d1522f1e46.jpg?1617316955
Krosan Grip,{2}{G},3.0,rare,sta,Instant,https://c1.scryfall.com/file/scryfall-cards/normal/front/2/d/2d7a6728-89fd-4fac-9ba1-8da3c6b4990e.jpg?1620701327
Lash of Malice,{B},1.0,common,stx,Instant,https://c1.scryfall.com/file/scryfall-cards/normal/front/a/f/af3da2c6-29ed-4563-8bae-d1cc05df8897.jpg?1617409903
Leech Fanatic,{1}{B},2.0,common,stx,Creature — Human Warlock,https://c1.scryfall.com/file/scryfall-cards/normal/front/3/0/307f9fe7-241b-4eb6-a059-be5384b4a1b6.jpg?1617447211
Leonin Lightscribe,{1}{W},2.0,rare,stx,Creature — Cat Cleric,https://c1.scryfall.com/file/scryfall-cards/normal/front/2/a/2a465d7b-398c-444b-9eae-331ea2513f6d.jpg?1618272917
Letter of Acceptance,{3},3.0,common,stx,Artifact,https://c1.scryfall.com/file/scryfall-cards/normal/front/3/4/34750231-34aa-401c-b192-47b56588923a.jpg?1617224460
Leyline Invocation,{5}{G},6.0,common,stx,Sorcery,https://c1.scryfall.com/file/scryfall-cards/normal/front/4/e/4edfbed0-0c0d-4aa5-bfe0-5268aff0f958.jpg?1617449721
Lightning Bolt,{R},1.0,rare,sta,Instant,https://c1.scryfall.com/file/scryfall-cards/normal/front/4/e/4eaac4fd-95f5-4f38-b593-0101e79a20f9.jpg?1618845224
Lightning Helix,{R}{W},2.0,rare,sta,Instant,https://c1.scryfall.com/file/scryfall-cards/normal/front/2/2/227ac87a-7196-40d0-ab00-98ebafcca09a.jpg?1618845339
Lorehold Apprentice,{R}{W},2.0,uncommon,stx,Creature — Human Cleric,https://c1.scryfall.com/file/scryfall-cards/normal/front/0/4/048157c6-4626-4881-ba19-deddd13622dc.jpg?1616696210
Lorehold Campus,,0.0,common,stx,Land,https://c1.scryfall.com/file/scryfall-cards/normal/front/d/3/d35461cf-becf-4399-8329-64b4496b7fc2.jpg?1617453746
Lorehold Command,{3}{R}{W},5.0,rare,stx,Instant,https://c1.scryfall.com/file/scryfall-cards/normal/front/d/1/d1b7df16-e01d-4053-88d3-db78ed26bfe1.jpg?1616705385
Lorehold Excavation,{R}{W},2.0,uncommon,stx,Enchantment,https://c1.scryfall.com/file/scryfall-cards/normal/front/4/3/43105beb-46f3-4914-8222-4907bd76d48f.jpg?1617070633
Lorehold Pledgemage,{1}{R/W}{R/W},3.0,common,stx,Creature — Kor Shaman,https://c1.scryfall.com/file/scryfall-cards/normal/front/7/9/79b88b38-6b5a-4a89-80ca-add79c11e8b9.jpg?1617070889
Maelstrom Muse,{1}{U}{U/R}{R},4.0,uncommon,stx,Creature — Djinn Wizard,https://c1.scryfall.com/file/scryfall-cards/normal/front/5/5/5516e81e-16ea-411c-9df0-ed3b03670220.jpg?1617452201
Mage Duel,{2}{G},3.0,common,stx,Sorcery,https://c1.scryfall.com/file/scryfall-cards/normal/front/9/2/92325638-0321-4409-8910-2287c64c182e.jpg?1617408951
Mage Hunter,{3}{B},4.0,uncommon,stx,Creature — Horror,https://c1.scryfall.com/file/scryfall-cards/normal/front/5/6/56fcbe4a-2d98-4fa9-a6c3-e28255171a4d.jpg?1617447326
Mage Hunters' Onslaught,{2}{B}{B},4.0,common,stx,Sorcery,https://c1.scryfall.com/file/scryfall-cards/normal/front/e/d/ed85140f-f0e0-4ac1-a67f-26d17ff95e31.jpg?1617613074
Magma Opus,{6}{U}{R},8.0,mythic,stx,Instant,https://c1.scryfall.com/file/scryfall-cards/normal/front/2/7/27c914a3-2294-4feb-9450-c012cfd307a6.jpg?1617148687
Make Your Mark,{R/W},1.0,common,stx,Instant,https://c1.scryfall.com/file/scryfall-cards/normal/front/7/e/7e937830-3804-44e8-b9d0-3e5f5cf39eab.jpg?1617452272
Mana Tithe,{W},1.0,rare,sta,Instant,https://c1.scryfall.com/file/scryfall-cards/normal/front/6/8/68f2bded-6dab-4af6-b0cc-831f6e685c97.jpg?1620700464
Manifestation Sage,{G/U}{G/U}{G/U}{G/U},4.0,rare,stx,Creature — Human Wizard,https://c1.scryfall.com/file/scryfall-cards/normal/front/1/4/14a7a615-d187-45bd-8f65-3458d896ce5e.jpg?1617313464
Mascot Exhibition,{7},7.0,mythic,stx,Sorcery — Lesson,https://c1.scryfall.com/file/scryfall-cards/normal/front/1/0/109b3d46-8f46-4ddf-b4bb-53b0dfd1ab37.jpg?1617316014
Mascot Interception,{3}{R},4.0,uncommon,stx,Sorcery,https://c1.scryfall.com/file/scryfall-cards/normal/front/8/f/8f0ea66f-1756-4b0d-8ccc-3b3a7370b531.jpg?1617314256
Master Symmetrist,{2}{G}{G},4.0,uncommon,stx,Creature — Rhino Druid,https://c1.scryfall.com/file/scryfall-cards/normal/front/2/5/255cdc39-6ad8-4831-9718-6712cb17654c.jpg?1617449750
"Mavinda, Students' Advocate",{2}{W},3.0,mythic,stx,Legendary Creature — Bird Advisor,https://c1.scryfall.com/file/scryfall-cards/normal/front/8/b/8b3d521f-31cd-4bd2-b6b6-771c79252789.jpg?1617374875
Memory Lapse,{1}{U},2.0,rare,sta,Instant,https://c1.scryfall.com/file/scryfall-cards/normal/front/6/0/606a5cda-b38f-4dee-ab92-82ba2719cb6d.jpg?1620700609
Mentor's Guidance,{2}{U},3.0,uncommon,stx,Sorcery,https://c1.scryfall.com/file/scryfall-cards/normal/front/0/d/0dbb1230-a465-4499-bb9c-35a06712a08b.jpg?1617314533
Mercurial Transformation,{1}{U},2.0,uncommon,stx,Sorcery — Lesson,https://c1.scryfall.com/file/scryfall-cards/normal/front/a/d/adcbe115-5482-4e5a-95bb-8ccbb01d3547.jpg?1617446173
"Mila, Crafty Companion",{1}{W}{W},3.0,mythic,stx,Legendary Creature — Fox // Legendary Planeswalker — Lukka,https://c1.scryfall.com/file/scryfall-cards/normal/front/3/4/34332dc9-d81c-4b16-bf59-2c75eaa05c21.jpg?1617317450
Mind's Desire,{4}{U}{U},6.0,mythic,sta,Sorcery,https://c1.scryfall.com/file/scryfall-cards/normal/front/5/4/545b469e-ab53-4aa4-9a1e-522adaa583a5.jpg?1620700630
Mizzix's Mastery,{3}{R},4.0,mythic,sta,Sorcery,https://c1.scryfall.com/file/scryfall-cards/normal/front/1/3/13d56859-023e-482e-b3be-65fa25256098.jpg?1620701148
Moldering Karok,{2}{B}{G},4.0,common,stx,Creature — Zombie Crocodile,https://c1.scryfall.com/file/scryfall-cards/normal/front/7/0/70c2ef30-0db5-4ef5-999c-7ffa48769421.jpg?1617452238
Mortality Spear,{2}{B}{G},4.0,uncommon,stx,Instant,https://c1.scryfall.com/file/scryfall-cards/normal/front/0/d/0ddfc5f7-911b-4159-8540-530d642d0e7c.jpg?1617657028
Mountain,,0.0,common,stx,Basic Land — Mountain,https://c1.scryfall.com/file/scryfall-cards/normal/front/9/6/9660fb20-f499-4f7a-9f25-e463f095ab90.jpg?1616785766
Multiple Choice,{X}{U},1.0,rare,stx,Sorcery,https://c1.scryfall.com/file/scryfall-cards/normal/front/0/8/08c9890f-7081-42f6-89eb-35c83911b443.jpg?1617222081
Natural Order,{2}{G}{G},4.0,mythic,sta,Sorcery,https://c1.scryfall.com/file/scryfall-cards/normal/front/4/3/43c00987-714b-4788-b29e-6ad649f43968.jpg?1620701348
Necroblossom Snarl,,0.0,rare,stx,Land,https://c1.scryfall.com/file/scryfall-cards/normal/front/8/e/8e68589e-d71f-4a2b-9a97-b768e81aefa4.jpg?1617148780
Necrotic Fumes,{1}{B}{B},3.0,uncommon,stx,Sorcery — Lesson,https://c1.scryfall.com/file/scryfall-cards/normal/front/5/e/5e1b68a4-fb8d-4b59-b049-73505296f775.jpg?1617447296
Needlethorn Drake,{G}{U},2.0,common,stx,Creature — Drake,https://c1.scryfall.com/file/scryfall-cards/normal/front/9/c/9c0cf2c4-723e-46c4-b2aa-4c957177209a.jpg?1617452305
Negate,{1}{U},2.0,uncommon,sta,Instant,https://c1.scryfall.com/file/scryfall-cards/normal/front/5/b/5bfe3a17-3349-4fcc-a9b5-418faa55cc43.jpg?1616738068
Novice Dissector,{3}{B},4.0,common,stx,Creature — Troll Warlock,https://c1.scryfall.com/file/scryfall-cards/normal/front/4/c/4c4677bc-736b-4bf2-851e-b158718a4224.jpg?1617315879
Oggyar Battle-Seer,{3}{U}{R},5.0,common,stx,Creature — Ogre Shaman,https://c1.scryfall.com/file/scryfall-cards/normal/front/a/3/a38329f1-af6e-47b8-86e4-f2a39e1edbf8.jpg?1617219147
Opt,{U},1.0,uncommon,sta,Instant,https://c1.scryfall.com/file/scryfall-cards/normal/front/a/b/ab59ac4f-2a77-4566-85c0-32666447dcf2.jpg?1613689221
Oriq Loremage,{2}{B}{B},4.0,rare,stx,Creature — Human Warlock,https://c1.scryfall.com/file/scryfall-cards/normal/front/2/5/25214a91-2f64-46ee-9834-7fbf684800f7.jpg?1618273560
Overgrown Arch,{1}{G},2.0,uncommon,stx,Creature — Plant Wall,https://c1.scryfall.com/file/scryfall-cards/normal/front/a/7/a71dddf5-8f72-4018-9cc8-5f63a17f1ee5.jpg?1617464053
Owlin Shieldmage,{3}{W}{B},5.0,common,stx,Creature — Bird Warlock,https://c1.scryfall.com/file/scryfall-cards/normal/front/d/3/d3350367-42bd-44af-be13-ad31c002f8ac.jpg?1617452335
Pest Summoning,{1}{B/G}{B/G},3.0,common,stx,Sorcery — Lesson,https://c1.scryfall.com/file/scryfall-cards/normal/front/6/2/6267e19a-a777-4767-8433-86b6624362b6.jpg?1616705365
Pestilent Cauldron,{2}{B},3.0,rare,stx,Artifact // Sorcery,https://c1.scryfall.com/file/scryfall-cards/normal/front/a/a/aaa1e6be-08cc-4ccc-b2de-3511613e4fd0.jpg?1617612926
Pigment Storm,{3}{R}{R},5.0,common,stx,Sorcery,https://c1.scryfall.com/file/scryfall-cards/normal/front/d/2/d285a7a1-bb7e-4a78-a49f-c2add62b829a.jpg?1620509009
Pilgrim of the Ages,{2}{W},3.0,common,stx,Creature — Spirit,https://c1.scryfall.com/file/scryfall-cards/normal/front/c/8/c86714f5-e909-413f-8eb6-99dbea4d1897.jpg?1618273639
Pillardrop Rescuer,{4}{W},5.0,common,stx,Creature — Spirit Cleric,https://c1.scryfall.com/file/scryfall-cards/normal/front/0/8/0884666e-8f9b-44b1-a1e3-c1c8941e2152.jpg?1617473853
Pillardrop Warden,{3}{R},4.0,common,stx,Creature — Spirit Dwarf,https://c1.scryfall.com/file/scryfall-cards/normal/front/7/d/7d509f73-cd62-4116-9652-0ed801ed8b36.jpg?1617448176
Plains,,0.0,common,stx,Basic Land — Plains,https://c1.scryfall.com/file/scryfall-cards/normal/front/4/9/49f7e5de-1fa8-406e-a411-fc8a11937000.jpg?1616785675
"Plargg, Dean of Chaos",{1}{R},2.0,rare,stx,Legendary Creature — Orc Shaman // Legendary Creature — Human Cleric,https://c1.scryfall.com/file/scryfall-cards/normal/front/5/b/5bd9b5cf-f018-48af-a081-995ce8ecc539.jpg?1617453238
Plumb the Forbidden,{1}{B},2.0,uncommon,stx,Instant,https://c1.scryfall.com/file/scryfall-cards/normal/front/5/0/5034227f-3b8a-45bf-917c-c2cbd98f2192.jpg?1617551376
Poet's Quill,{1}{B},2.0,rare,stx,Artifact — Equipment,https://c1.scryfall.com/file/scryfall-cards/normal/front/4/8/4802149c-b7f0-40d5-a312-df8cc920e7d4.jpg?1617407851
Pop Quiz,{2}{U},3.0,common,stx,Instant,https://c1.scryfall.com/file/scryfall-cards/normal/front/d/1/d16892d8-9d10-45de-ab79-0e645c4b5588.jpg?1616839270
Practical Research,{3}{U}{R},5.0,uncommon,stx,Instant,https://c1.scryfall.com/file/scryfall-cards/normal/front/7/4/74edd3e3-b2de-4ba0-a508-0418b0151d87.jpg?1617452364
Primal Command,{3}{G}{G},5.0,mythic,sta,Sorcery,https://c1.scryfall.com/file/scryfall-cards/normal/front/3/a/3a95986b-532b-4e3a-acf4-c93c6db7282f.jpg?1618845327
Prismari Apprentice,{U}{R},2.0,uncommon,stx,Creature — Human Shaman,https://c1.scryfall.com/file/scryfall-cards/normal/front/d/c/dca3aa59-c8ac-4930-abf7-0a74d657122a.jpg?1617613044
Prismari Campus,,0.0,common,stx,Land,https://c1.scryfall.com/file/scryfall-cards/normal/front/7/6/768120f5-9401-4e52-924e-3374bde65b3d.jpg?1617538860
Prismari Command,{1}{U}{R},3.0,rare,stx,Instant,https://c1.scryfall.com/file/scryfall-cards/normal/front/8/6/866b7fd4-86e3-4b42-b1ea-33bad0db1f9f.jpg?1616705407
Prismari Pledgemage,{U/R}{U/R},2.0,common,stx,Creature — Orc Wizard,https://c1.scryfall.com/file/scryfall-cards/normal/front/4/0/404b4c7b-5d40-4ad1-bd40-3da1d08f5c78.jpg?1617452394
Professor Onyx,{4}{B}{B},6.0,mythic,stx,Legendary Planeswalker — Liliana,https://c1.scryfall.com/file/scryfall-cards/normal/front/0/1/013eeb99-1b66-4fba-ad96-78deee901ea4.jpg?1617447443
Professor of Symbology,{1}{W},2.0,uncommon,stx,Creature — Kor Cleric,https://c1.scryfall.com/file/scryfall-cards/normal/front/f/4/f427cf73-9f5e-4ef5-bc4f-29ffbfda9d57.jpg?1616695655
Professor of Zoomancy,{3}{G},4.0,common,stx,Creature — Bear Druid,https://c1.scryfall.com/file/scryfall-cards/normal/front/8/3/8347f2e8-ef70-4879-860a-12f7cab25902.jpg?1617405891
Professor's Warning,{B},1.0,common,stx,Instant,https://c1.scryfall.com/file/scryfall-cards/normal/front/8/6/862fded6-e474-4b20-86d8-fd9af5f25b1a.jpg?1617406648
Promising Duskmage,{2}{B},3.0,common,stx,Creature — Human Warlock,https://c1.scryfall.com/file/scryfall-cards/normal/front/2/e/2ea0dff9-71c3-4d56-aa7b-e0fb9938529a.jpg?1617316703
Putrefy,{1}{B}{G},3.0,rare,sta,Instant,https://c1.scryfall.com/file/scryfall-cards/normal/front/3/8/3882ebea-2864-40ef-a21d-6ba80a0bd417.jpg?1618845344
Quandrix Apprentice,{G}{U},2.0,uncommon,stx,Creature — Human Wizard,https://c1.scryfall.com/file/scryfall-cards/normal/front/0/2/0291c909-bb87-47cb-9b06-5e409e654f15.jpg?1616696014
Quandrix Campus,,0.0,common,stx,Land,https://c1.scryfall.com/file/scryfall-cards/normal/front/f/7/f788da28-481b-41fa-a70c-b53db6b0f068.jpg?1617453840
Quandrix Command,{1}{G}{U},3.0,rare,stx,Instant,https://c1.scryfall.com/file/scryfall-cards/normal/front/0/2/021b62d8-d160-47f5-bc51-0474f160d13f.jpg?1614152862
Quandrix Cultivator,{1}{G}{G/U}{U},4.0,uncommon,stx,Creature — Turtle Druid,https://c1.scryfall.com/file/scryfall-cards/normal/front/e/3/e3ca9ff7-0dcf-4ecc-879c-957d290ad7f5.jpg?1617333578
Quandrix Pledgemage,{1}{G/U}{G/U},3.0,common,stx,Creature — Merfolk Druid,https://c1.scryfall.com/file/scryfall-cards/normal/front/0/7/07633b7f-4150-458b-89c3-d05dc0e3c4bd.jpg?1617221960
"Quintorius, Field Historian",{3}{R}{W},5.0,uncommon,stx,Legendary Creature — Elephant Cleric,https://c1.scryfall.com/file/scryfall-cards/normal/front/0/6/06c55ef1-8e62-4d43-bd4c-b2c3c5203338.jpg?1617148598
Radiant Scrollwielder,{2}{R}{W},4.0,rare,stx,Creature — Dwarf Cleric,https://c1.scryfall.com/file/scryfall-cards/normal/front/c/8/c8152ab0-c6fc-4568-b837-4e84129e7b57.jpg?1617452420
Reckless Amplimancer,{1}{G},2.0,common,stx,Creature — Elf Druid,https://c1.scryfall.com/file/scryfall-cards/normal/front/b/c/bc8072b1-6080-45cd-b1c7-353b54a55931.jpg?1617409044
Reconstruct History,{2}{R}{W},4.0,uncommon,stx,Sorcery,https://c1.scryfall.com/file/scryfall-cards/normal/front/3/e/3e565e38-43d5-482e-a911-ce525dfee74f.jpg?1617071273
Reduce to Memory,{1}{W}{W},3.0,uncommon,stx,Sorcery — Lesson,https://c1.scryfall.com/file/scryfall-cards/normal/front/7/b/7bfc408e-34d6-4e94-8678-4cc229cbc6f5.jpg?1617445245
Reflective Golem,{3},3.0,uncommon,stx,Artifact Creature — Golem,https://c1.scryfall.com/file/scryfall-cards/normal/front/c/0/c01770c4-8848-495d-8af4-26152d45e9d3.jpg?1617450145
Regrowth,{1}{G},2.0,rare,sta,Sorcery,https://c1.scryfall.com/file/scryfall-cards/normal/front/3/d/3d7d3ea4-1e75-4ea2-a62a-258aca9627c5.jpg?1620701384
Reject,{1}{U},2.0,common,stx,Instant,https://c1.scryfall.com/file/scryfall-cards/normal/front/d/7/d77f0731-fb40-4dc2-8530-afcb5ce1f27f.jpg?1617446216
Relic Sloth,{3}{R}{W},5.0,common,stx,Creature — Beast,https://c1.scryfall.com/file/scryfall-cards/normal/front/c/1/c1cb483f-c567-4cfd-9fe8-1503e7b40542.jpg?1617072811
Resculpt,{1}{U},2.0,common,stx,Instant,https://c1.scryfall.com/file/scryfall-cards/normal/front/1/b/1bfb1fcb-a411-4c1c-b8fc-496242ae3a9b.jpg?1617446295
Retriever Phoenix,{3}{R},4.0,rare,stx,Creature — Phoenix,https://c1.scryfall.com/file/scryfall-cards/normal/front/4/d/4dd6cb53-3c82-4ac3-be1e-311322729198.jpg?1617448205
Returned Pastcaller,{3}{R}{R/W}{W},6.0,uncommon,stx,Creature — Spirit Cleric,https://c1.scryfall.com/file/scryfall-cards/normal/front/7/a/7aa0e762-0fec-4f6b-b3d7-ad8295bf557d.jpg?1617452447
Revitalize,{1}{W},2.0,uncommon,sta,Instant,https://c1.scryfall.com/file/scryfall-cards/normal/front/e/a/ea52d5f8-b3c3-454e-a53a-16d31d90db1c.jpg?1620700482
Rip Apart,{R}{W},2.0,uncommon,stx,Sorcery,https://c1.scryfall.com/file/scryfall-cards/normal/front/1/0/101f135f-1404-4333-946e-62d3aa919a62.jpg?1617522537
Rise of Extus,{4}{W/B}{W/B},6.0,common,stx,Sorcery,https://c1.scryfall.com/file/scryfall-cards/normal/front/b/b/bbf97a71-485e-4d47-98de-bdf6f6dae0c2.jpg?1617333553
"Rootha, Mercurial Artist",{1}{U}{R},3.0,uncommon,stx,Legendary Creature — Orc Shaman,https://c1.scryfall.com/file/scryfall-cards/normal/front/a/c/acb8f24d-8d1d-48aa-a534-238e969a474c.jpg?1617452503
"Rowan, Scholar of Sparks",{2}{R},3.0,mythic,stx,Legendary Planeswalker — Rowan // Legendary Planeswalker — Will,https://c1.scryfall.com/file/scryfall-cards/normal/front/1/8/18c16872-3675-4a4d-962a-2e17ad6f3886.jpg?1618326108
Rushed Rebirth,{B}{G},2.0,rare,stx,Instant,https://c1.scryfall.com/file/scryfall-cards/normal/front/0/7/07b7c952-5ab7-4546-8369-4d213bf868bf.jpg?1617474301
Scurrid Colony,{1}{G},2.0,common,stx,Creature — Squirrel,https://c1.scryfall.com/file/scryfall-cards/normal/front/c/9/c9c0a096-870d-443c-92d3-f7ec1f362616.jpg?1617583275
Secret Rendezvous,{1}{W}{W},3.0,uncommon,stx,Sorcery,https://c1.scryfall.com/file/scryfall-cards/normal/front/3/9/39528cf0-343e-499b-a69f-c5c3c2898c25.jpg?1617445211
Sedgemoor Witch,{2}{B},3.0,rare,stx,Creature — Human Warlock,https://c1.scryfall.com/file/scryfall-cards/normal/front/0/7/075bfaa8-3d54-4934-aaf6-72be43a87324.jpg?1617651132
Selfless Glyphweaver,{2}{W},3.0,rare,stx,Creature — Human Cleric // Sorcery,https://c1.scryfall.com/file/scryfall-cards/normal/front/5/b/5b09d444-a687-4712-b193-265148748aaf.jpg?1617583427
Semester's End,{3}{W},4.0,rare,stx,Instant,https://c1.scryfall.com/file/scryfall-cards/normal/front/1/2/121f61c8-2ddc-47bb-a8a1-b7e0b5cac156.jpg?1617104404
Serpentine Curve,{3}{U},4.0,common,stx,Sorcery,https://c1.scryfall.com/file/scryfall-cards/normal/front/d/6/d651b9e9-d723-4340-a010-d71b2a697e73.jpg?1617446241
Shadewing Laureate,{W}{W/B}{B},3.0,uncommon,stx,Creature — Human Warlock,https://c1.scryfall.com/file/scryfall-cards/normal/front/6/4/64795a8b-8cf2-436e-8f95-9e8bb40c0d7d.jpg?1617452563
Shadrix Silverquill,{3}{W}{B},5.0,mythic,stx,Legendary Creature — Elder Dragon,https://c1.scryfall.com/file/scryfall-cards/normal/front/2/3/23468e63-2e7a-4e3b-970c-cb57b067d6c1.jpg?1617521372
"Shaile, Dean of Radiance",{1}{W},2.0,rare,stx,Legendary Creature — Bird Cleric // Legendary Creature — Human Warlock,https://c1.scryfall.com/file/scryfall-cards/normal/front/9/3/938cee8f-ac2c-49a5-9ff7-1367d0edfabe.jpg?1617453576
Shineshadow Snarl,,0.0,rare,stx,Land,https://c1.scryfall.com/file/scryfall-cards/normal/front/7/b/7ba00634-b62c-4a95-941d-775fc4c9e3a2.jpg?1617148826
Shock,{R},1.0,uncommon,sta,Instant,https://c1.scryfall.com/file/scryfall-cards/normal/front/6/0/60eeb025-704c-4a82-90b2-f91202ae30d9.jpg?1617075868
Show of Confidence,{1}{W},2.0,uncommon,stx,Instant,https://c1.scryfall.com/file/scryfall-cards/normal/front/6/5/65837f39-deb7-4a4b-8b67-125a71cd0d45.jpg?1617311686
Sign in Blood,{B}{B},2.0,rare,sta,Sorcery,https://c1.scryfall.com/file/scryfall-cards/normal/front/0/e/0ef84fcc-7685-41e5-bcd0-25b974ce570f.jpg?1618845212
Silverquill Apprentice,{W}{B},2.0,uncommon,stx,Creature — Human Warlock,https://c1.scryfall.com/file/scryfall-cards/normal/front/4/2/42d0770e-9084-4aa7-b543-2b6ba18378dc.jpg?1616839213
Silverquill Campus,,0.0,common,stx,Land,https://c1.scryfall.com/file/scryfall-cards/normal/front/4/2/42583850-ba5c-4a71-8717-406b5c6d048f.jpg?1617453894
Silverquill Command,{2}{W}{B},4.0,rare,stx,Sorcery,https://c1.scryfall.com/file/scryfall-cards/normal/front/5/c/5c55f533-9d31-4ad1-b336-927aba6e74d6.jpg?1614152919
Silverquill Pledgemage,{1}{W/B}{W/B},3.0,common,stx,Creature — Vampire Cleric,https://c1.scryfall.com/file/scryfall-cards/normal/front/a/3/a3f64ad2-4041-421d-baa2-206cedcecf0e.jpg?1617317203
Silverquill Silencer,{W}{B},2.0,rare,stx,Creature — Human Cleric,https://c1.scryfall.com/file/scryfall-cards/normal/front/0/1/01ae964b-a3dd-4747-a229-d0b4e112179e.jpg?1617583393
Snakeskin Veil,{G},1.0,uncommon,sta,Instant,https://c1.scryfall.com/file/scryfall-cards/normal/front/b/4/b448d35a-dc04-49fd-b4e8-c4736c3e3ea0.jpg?1620701405
Snow Day,{4}{U}{U},6.0,uncommon,stx,Instant,https://c1.scryfall.com/file/scryfall-cards/normal/front/a/6/a6b6f17d-45ba-4d60-a963-5eee026f2219.jpg?1617473722
Solve the Equation,{2}{U},3.0,uncommon,stx,Sorcery,https://c1.scryfall.com/file/scryfall-cards/normal/front/6/6/66c04ee2-c1e0-45fb-aaf5-1b4459df80fc.jpg?1617446269
Soothsayer Adept,{1}{U},2.0,common,stx,Creature — Merfolk Wizard,https://c1.scryfall.com/file/scryfall-cards/normal/front/e/b/eb93c9d2-88eb-403d-bb67-8e8b0462ac27.jpg?1617313962
Sparring Regimen,{2}{W},3.0,rare,stx,Enchantment,https://c1.scryfall.com/file/scryfall-cards/normal/front/5/8/584a3d18-0360-48aa-87d2-51e9078b00f5.jpg?1617467343
Spectacle Mage,{1}{U}{R},3.0,common,stx,Creature — Bird Shaman,https://c1.scryfall.com/file/scryfall-cards/normal/front/f/7/f74223e1-b66b-42fa-aaac-001f5dab2aac.jpg?1617452745
Specter of the Fens,{3}{B},4.0,common,stx,Creature — Specter,https://c1.scryfall.com/file/scryfall-cards/normal/front/7/3/73e3cfbc-7177-4bbc-89c4-560c9c2f97db.jpg?1617473678
Spell Satchel,{2},2.0,uncommon,stx,Artifact,https://c1.scryfall.com/file/scryfall-cards/normal/front/7/d/7de826a0-6e68-4d40-a51c-8d6e7a4148d1.jpg?1617450212
Spined Karok,{2}{G},3.0,common,stx,Creature — Crocodile,https://c1.scryfall.com/file/scryfall-cards/normal/front/c/3/c37ae6b5-225a-410e-ab22-13e923bdfb65.jpg?1617612603
Spirit Summoning,{1}{R/W}{R/W},3.0,common,stx,Sorcery — Lesson,https://c1.scryfall.com/file/scryfall-cards/normal/front/7/4/74be6236-4095-419c-9927-fbd874df21f8.jpg?1617071199
Spiteful Squad,{2}{W}{B},4.0,common,stx,Creature — Human Warlock,https://c1.scryfall.com/file/scryfall-cards/normal/front/b/e/be88355e-c986-4b69-93b4-0abf04916e86.jpg?1617551448
Springmane Cervin,{2}{G},3.0,common,stx,Creature — Elk,https://c1.scryfall.com/file/scryfall-cards/normal/front/f/5/f5b0eac4-0262-4eed-97d4-0f2e6f06c8e1.jpg?1617409127
Square Up,{1}{G/U},2.0,common,stx,Instant,https://c1.scryfall.com/file/scryfall-cards/normal/front/3/d/3d548d5a-1dd7-448a-8483-249572e08c47.jpg?1617224620
Star Pupil,{W},1.0,common,stx,Creature — Human Wizard,https://c1.scryfall.com/file/scryfall-cards/normal/front/9/9/99e9318f-2e17-4b6e-895f-c17cd5d0d282.jpg?1617445328
Start from Scratch,{2}{R},3.0,uncommon,stx,Sorcery — Lesson,https://c1.scryfall.com/file/scryfall-cards/normal/front/5/5/55c99486-ae64-4293-81fb-a4b02e8fcae6.jpg?1617448246
Stone Rain,{2}{R},3.0,rare,sta,Sorcery,https://c1.scryfall.com/file/scryfall-cards/normal/front/9/b/9b62d16c-1eb8-4b46-8985-13cfb407f408.jpg?1620701182
Stonebinder's Familiar,{W},1.0,uncommon,stx,Creature — Spirit Dog,https://c1.scryfall.com/file/scryfall-cards/normal/front/2/1/21de4a01-98d3-4af3-9c6e-29e16d2c1767.jpg?1617134524
Stonebound Mentor,{1}{R}{W},3.0,common,stx,Creature — Spirit Advisor,https://c1.scryfall.com/file/scryfall-cards/normal/front/9/c/9c64e954-adfc-40a2-a3b2-85f1b4626976.jpg?1617452800
Stonerise Spirit,{1}{W},2.0,common,stx,Creature — Spirit Bird,https://c1.scryfall.com/file/scryfall-cards/normal/front/3/8/388f2e45-570f-4a35-b205-37e1345b5d06.jpg?1617584253
Storm-Kiln Artist,{3}{R},4.0,uncommon,stx,Creature — Dwarf Shaman,https://c1.scryfall.com/file/scryfall-cards/normal/front/f/a/fa96b8dc-233a-4884-ab84-235cbc7df0b6.jpg?1616705421
Strategic Planning,{1}{U},2.0,uncommon,sta,Sorcery,https://c1.scryfall.com/file/scryfall-cards/normal/front/1/0/102fb334-1cb7-4a94-9dc9-4903a05224c3.jpg?1620700688
Strict Proctor,{1}{W},2.0,rare,stx,Creature — Spirit Cleric,https://c1.scryfall.com/file/scryfall-cards/normal/front/8/3/833ffc46-bbfe-47b3-96ad-ff5fe14405cb.jpg?1617583445
Strixhaven Stadium,{3},3.0,rare,stx,Artifact,https://c1.scryfall.com/file/scryfall-cards/normal/front/0/7/0795abd9-7294-4f8a-8491-0fe39ae6e273.jpg?1617222802
Study Break,{1}{W},2.0,common,stx,Instant,https://c1.scryfall.com/file/scryfall-cards/normal/front/e/f/ef7cd813-0781-4fd7-8748-2716e1eeb4b9.jpg?1616788393
Sudden Breakthrough,{1}{R},2.0,common,stx,Instant,https://c1.scryfall.com/file/scryfall-cards/normal/front/b/0/b011707a-471b-41c2-bc73-376a55d26bee.jpg?1617448277
Swamp,,0.0,common,stx,Basic Land — Swamp,https://c1.scryfall.com/file/scryfall-cards/normal/front/1/1/11093e3f-092e-49d9-aef9-b9855b040bf2.jpg?1616785751
Swords to Plowshares,{W},1.0,rare,sta,Instant,https://c1.scryfall.com/file/scryfall-cards/normal/front/3/f/3fc51cbe-744f-4cf1-999c-cc4d610e315c.jpg?1620700499
Symmetry Sage,{U},1.0,uncommon,stx,Creature — Human Wizard,https://c1.scryfall.com/file/scryfall-cards/normal/front/3/e/3e726fc7-36cf-405c-9b7c-d1e41cd6c68f.jpg?1617316190
Tainted Pact,{1}{B},2.0,mythic,sta,Instant,https://c1.scryfall.com/file/scryfall-cards/normal/front/4/c/4c92756f-1dc2-49be-bb38-0f8cf10079fa.jpg?1619158035
Tanazir Quandrix,{3}{G}{U},5.0,mythic,stx,Legendary Creature — Elder Dragon,https://c1.scryfall.com/file/scryfall-cards/normal/front/3/b/3bd62ee4-e654-44ba-a650-889782cc9ac3.jpg?1617452824
Tangletrap,{1}{G},2.0,common,stx,Instant,https://c1.scryfall.com/file/scryfall-cards/normal/front/8/0/80fbf729-00c0-4237-8294-c857f96364d3.jpg?1617457663
Teach by Example,{U/R}{U/R},2.0,common,stx,Instant,https://c1.scryfall.com/file/scryfall-cards/normal/front/a/a/aa7fbb9b-50a8-4d18-a667-fe965468ca16.jpg?1617225924
Teachings of the Archaics,{2}{U},3.0,rare,stx,Sorcery — Lesson,https://c1.scryfall.com/file/scryfall-cards/normal/front/1/c/1c2c8894-fb24-4356-a71e-2cb924dd4cf0.jpg?1617222452
Team Pennant,{1},1.0,uncommon,stx,Artifact — Equipment,https://c1.scryfall.com/file/scryfall-cards/normal/front/b/e/be294c4e-712b-459c-a36c-e26ed5c27edb.jpg?1617464462
Teferi's Protection,{2}{W},3.0,mythic,sta,Instant,https://c1.scryfall.com/file/scryfall-cards/normal/front/2/8/28e21c8c-5ad1-4830-8621-f0fd6500ca79.jpg?1618845145
Tempted by the Oriq,{1}{U}{U}{U},4.0,rare,stx,Sorcery,https://c1.scryfall.com/file/scryfall-cards/normal/front/c/1/c142a00b-ba0a-49a2-879f-ed46c4f81b64.jpg?1617651180
Tend the Pests,{B}{G},2.0,uncommon,stx,Instant,https://c1.scryfall.com/file/scryfall-cards/normal/front/8/f/8f43ed93-008d-44db-8204-ef2cc3b7cf8a.jpg?1619439044
Tendrils of Agony,{2}{B}{B},4.0,rare,sta,Sorcery,https://c1.scryfall.com/file/scryfall-cards/normal/front/6/5/659d0ca7-90c9-473a-8b46-4fe40351b57d.jpg?1618845215
Tenured Inkcaster,{4}{B},5.0,uncommon,stx,Creature — Vampire Warlock,https://c1.scryfall.com/file/scryfall-cards/normal/front/9/2/92eba33e-efea-4e58-a832-1c6049fb211f.jpg?1617219537
Test of Talents,{1}{U},2.0,uncommon,stx,Instant,https://c1.scryfall.com/file/scryfall-cards/normal/front/6/e/6e2b6236-b40c-430c-98b0-7940b942657a.jpg?1617583620
Tezzeret's Gambit,{3}{U/P},4.0,rare,sta,Sorcery,https://c1.scryfall.com/file/scryfall-cards/normal/front/0/5/05e5dbfd-84cf-4fe1-850f-3d2965ed3120.jpg?1618845181
The Biblioplex,,0.0,rare,stx,Land,https://c1.scryfall.com/file/scryfall-cards/normal/front/8/e/8eae4481-977f-4bb7-bb1a-ab7100e6ba47.jpg?1617403649
Thrill of Possibility,{1}{R},2.0,uncommon,sta,Instant,https://c1.scryfall.com/file/scryfall-cards/normal/front/4/e/4e931c6c-b847-45ca-8d2b-cc7ea42fc50c.jpg?1620701200
Thrilling Discovery,{R}{W},2.0,common,stx,Sorcery,https://c1.scryfall.com/file/scryfall-cards/normal/front/b/a/bac1f45e-1884-490e-a94f-f7d312f0e229.jpg?1617148861
Thunderous Orator,{1}{W},2.0,uncommon,stx,Creature — Kor Wizard,https://c1.scryfall.com/file/scryfall-cards/normal/front/e/f/ef3b2961-559f-42b1-be13-ff3d03e62809.jpg?1617070068
Time Warp,{3}{U}{U},5.0,mythic,sta,Sorcery,https://c1.scryfall.com/file/scryfall-cards/normal/front/6/e/6e70332c-de0b-45ce-bbd1-5de4314c08db.jpg?1618845180
Tome Shredder,{2}{R},3.0,common,stx,Creature — Wolf,https://c1.scryfall.com/file/scryfall-cards/normal/front/a/7/a7cc9ea8-db4e-4f41-800f-fb0dbcb2c345.jpg?1617474109
Torrent Sculptor,{2}{U}{U},4.0,rare,stx,Creature — Merfolk Wizard // Sorcery,https://c1.scryfall.com/file/scryfall-cards/normal/front/7/7/77e7417d-36b9-4a47-b6d2-aa589711a5ba.jpg?1617225935
Twinscroll Shaman,{2}{R},3.0,common,stx,Creature — Dwarf Shaman,https://c1.scryfall.com/file/scryfall-cards/normal/front/8/7/87193af5-4b6b-48d0-9b75-8171bb1d6e53.jpg?1617448307
Umbral Juke,{2}{B},3.0,uncommon,stx,Instant,https://c1.scryfall.com/file/scryfall-cards/normal/front/3/f/3fbd0921-e953-492b-ad73-c8a8bfaa750b.jpg?1617333742
Unwilling Ingredient,{B},1.0,common,stx,Creature — Frog,https://c1.scryfall.com/file/scryfall-cards/normal/front/3/0/30448144-639a-43c7-a408-bd6ed543c231.jpg?1617406816
Urza's Rage,{2}{R},3.0,rare,sta,Instant,https://c1.scryfall.com/file/scryfall-cards/normal/front/d/8/d80e9897-d84c-4992-9e8e-3a00f377c7e5.jpg?1618845257
"Uvilda, Dean of Perfection",{2}{U},3.0,rare,stx,Legendary Creature — Djinn Wizard // Legendary Creature — Efreet Shaman,https://c1.scryfall.com/file/scryfall-cards/normal/front/2/9/298a4109-4f8d-449c-b13d-e678c1113b90.jpg?1616836868
"Valentin, Dean of the Vein",{B},1.0,rare,stx,Legendary Creature — Vampire Warlock // Legendary Creature — Human Druid,https://c1.scryfall.com/file/scryfall-cards/normal/front/2/9/297696bb-0610-45fb-92d3-5b7d9a7da290.jpg?1617148840
Vanishing Verse,{W}{B},2.0,rare,stx,Instant,https://c1.scryfall.com/file/scryfall-cards/normal/front/e/1/e12573fe-aee3-49db-93e2-d00972cbb3b1.jpg?1617474063
Velomachus Lorehold,{5}{R}{W},7.0,mythic,stx,Legendary Creature — Elder Dragon,https://c1.scryfall.com/file/scryfall-cards/normal/front/0/4/04ea9067-ad50-4c43-ae4d-3f66890cd898.jpg?1617163986
Venerable Warsinger,{1}{R}{W},3.0,rare,stx,Creature — Spirit Cleric,https://c1.scryfall.com/file/scryfall-cards/normal/front/0/0/006313f8-cc60-4a4e-8ec6-953cdf1c16e3.jpg?1617474312
Verdant Mastery,{5}{G},6.0,rare,stx,Sorcery,https://c1.scryfall.com/file/scryfall-cards/normal/front/1/9/197455e5-7929-47b8-ad00-8d3918949eb7.jpg?1617146900
Village Rites,{B},1.0,uncommon,sta,Instant,https://c1.scryfall.com/file/scryfall-cards/normal/front/7/a/7ac9f757-29ac-4f5e-a830-6918d1c956e7.jpg?1620700979
Vineglimmer Snarl,,0.0,rare,stx,Land,https://c1.scryfall.com/file/scryfall-cards/normal/front/a/a/aa184596-3a3c-43fe-8e20-b09ab100cd00.jpg?1617148845
Vortex Runner,{2}{U},3.0,common,stx,Creature — Human Wizard,https://c1.scryfall.com/file/scryfall-cards/normal/front/b/a/bab4a68d-5d26-42d8-bc51-15e3c1f95ebe.jpg?1617473753
Wandering Archaic,{5},5.0,rare,stx,Creature — Avatar // Sorcery,https://c1.scryfall.com/file/scryfall-cards/normal/front/1/8/18a2bdc8-b705-4eb5-b3a5-ff2e2ab8f312.jpg?1617901976
Waterfall Aerialist,{3}{U},4.0,common,stx,Creature — Djinn Wizard,https://c1.scryfall.com/file/scryfall-cards/normal/front/7/b/7bc6966c-18d9-4675-9594-6f0b2d11c405.jpg?1616724732
Weather the Storm,{1}{G},2.0,rare,sta,Instant,https://c1.scryfall.com/file/scryfall-cards/normal/front/0/2/02f960f2-1324-4d48-bab7-c46b836a8907.jpg?1619488834
Whirlwind Denial,{2}{U},3.0,uncommon,sta,Instant,https://c1.scryfall.com/file/scryfall-cards/normal/front/c/e/ce51e22d-55c1-48c7-9278-fb52fb0d3366.jpg?1620700747
Witherbloom Apprentice,{B}{G},2.0,uncommon,stx,Creature — Human Druid,https://c1.scryfall.com/file/scryfall-cards/normal/front/7/f/7f80a11b-188b-464c-b00d-c9d1cfb8ddee.jpg?1616839250
Witherbloom Campus,,0.0,common,stx,Land,https://c1.scryfall.com/file/scryfall-cards/normal/front/7/3/7346fb2e-754e-47de-b33d-eb089b357ee4.jpg?1617453942
Witherbloom Command,{B}{G},2.0,rare,stx,Sorcery,https://c1.scryfall.com/file/scryfall-cards/normal/front/0/f/0f04535d-a6b7-4d91-918d-fccc1adfcaf3.jpg?1616705425
Witherbloom Pledgemage,{3}{B/G}{B/G},5.0,common,stx,Creature — Treefolk Warlock,https://c1.scryfall.com/file/scryfall-cards/normal/front/a/6/a6cc6914-2dcb-411d-90a5-01853ff2d5b8.jpg?1617457092
Wormhole Serpent,{4}{U},5.0,uncommon,stx,Creature — Serpent,https://c1.scryfall.com/file/scryfall-cards/normal/front/2/d/2d0fd73f-e161-4e42-b4f9-9246a9dba785.jpg?1617446651
Zephyr Boots,{1},1.0,uncommon,stx,Artifact — Equipment,https://c1.scryfall.com/file/scryfall-cards/normal/front/4/d/4d0566fd-3775-48f1-ba22-6e659558c3d3.jpg?1617407188
"Zimone, Quandrix Prodigy",{G}{U},2.0,uncommon,stx,Legendary Creature — Human Wizard,https://c1.scryfall.com/file/scryfall-cards/normal/front/0/c/0ca14c17-dc72-4f68-92f2-14a6c4019f4e.jpg?1617225224
